ID,Name,Train,Test,Class,Length,ms_TRAIN_euc,di_TRAIN_euc,db_TRAIN_euc,ch_TRAIN_euc,ms_TRAIN_dtw,di_TRAIN_dtw,db_TRAIN_dtw,ch_TRAIN_dtw,ms_TRAIN_euc_z,di_TRAIN_euc_z,db_TRAIN_euc_z,ch_TRAIN_euc_z,ms_TRAIN_dtw_z,di_TRAIN_dtw_z,db_TRAIN_dtw_z,ch_TRAIN_dtw_z,ms_TEST_euc,di_TEST_euc,db_TEST_euc,ch_TEST_euc,ms_TEST_dtw,di_TEST_dtw,db_TEST_dtw,ch_TEST_dtw,ms_TEST_euc_z,di_TEST_euc_z,db_TEST_euc_z,ch_TEST_euc_z,ms_TEST_dtw_z,di_TEST_dtw_z,db_TEST_dtw_z,ch_TEST_dtw_z
1,Adiac,390,391,37,176,0.0,0.0,0.0,0.0,0.0,0.0,0.0,0.0,0.0,0.07692307692307693,0.0,0.0,0.0,0.0,0.0,0.0,0.0,0.07692307692307693,0.0,0.0,0.0,0.15384615384615385,0.0,0.0,0.0,0.0,0.0,0.0,0.0,0.07692307692307693,0.0,0.0
2,ArrowHead,36,175,3,251,0.6923076923076923,0.3076923076923077,0.7692307692307693,0.7692307692307693,0.9230769230769231,0.6153846153846154,0.6153846153846154,0.6923076923076923,0.6153846153846154,0.38461538461538464,0.5384615384615384,0.5384615384615384,0.7692307692307693,0.46153846153846156,0.6923076923076923,0.5384615384615384,0.7692307692307693,0.38461538461538464,0.6153846153846154,0.7692307692307693,0.7692307692307693,0.23076923076923078,0.7692307692307693,0.5384615384615384,0.6923076923076923,0.23076923076923078,0.9230769230769231,0.9230769230769231,0.7692307692307693,0.0,0.7692307692307693,0.38461538461538464
3,Beef,30,30,5,470,0.6153846153846154,0.6153846153846154,0.5384615384615384,0.5384615384615384,0.6153846153846154,0.6153846153846154,0.6923076923076923,0.6153846153846154,0.8461538461538461,0.6153846153846154,0.46153846153846156,0.7692307692307693,0.8461538461538461,0.6923076923076923,0.6923076923076923,0.5384615384615384,0.6923076923076923,0.6923076923076923,0.6153846153846154,0.46153846153846156,0.8461538461538461,0.7692307692307693,0.6923076923076923,0.6923076923076923,0.9230769230769231,0.8461538461538461,0.7692307692307693,0.7692307692307693,0.9230769230769231,0.9230769230769231,1.0,0.8461538461538461
4,BeetleFly,20,20,2,512,0.46153846153846156,0.6153846153846154,0.9230769230769231,0.9230769230769231,0.46153846153846156,0.38461538461538464,0.5384615384615384,0.5384615384615384,0.15384615384615385,0.38461538461538464,0.8461538461538461,0.8461538461538461,0.5384615384615384,0.46153846153846156,0.8461538461538461,0.7692307692307693,0.3076923076923077,0.0,0.5384615384615384,0.5384615384615384,0.38461538461538464,0.46153846153846156,0.46153846153846156,0.46153846153846156,0.46153846153846156,0.3076923076923077,0.5384615384615384,0.5384615384615384,0.7692307692307693,0.6923076923076923,0.46153846153846156,0.5384615384615384
5,BirdChicken,20,20,2,512,0.46153846153846156,0.46153846153846156,0.6153846153846154,0.6153846153846154,0.9230769230769231,0.38461538461538464,0.9230769230769231,0.6923076923076923,0.15384615384615385,0.38461538461538464,0.7692307692307693,0.7692307692307693,0.7692307692307693,0.23076923076923078,0.7692307692307693,0.5384615384615384,0.07692307692307693,0.07692307692307693,0.8461538461538461,0.7692307692307693,0.23076923076923078,0.0,0.9230769230769231,0.9230769230769231,0.07692307692307693,0.07692307692307693,0.9230769230769231,0.9230769230769231,0.15384615384615385,0.15384615384615385,0.6923076923076923,0.6923076923076923
6,Car,60,60,4,577,0.6153846153846154,0.0,0.6153846153846154,0.6153846153846154,0.6923076923076923,0.6923076923076923,0.5384615384615384,0.5384615384615384,0.38461538461538464,0.0,0.38461538461538464,0.38461538461538464,0.6153846153846154,0.6923076923076923,0.6153846153846154,0.6153846153846154,0.6153846153846154,0.3076923076923077,0.5384615384615384,0.5384615384615384,0.6153846153846154,0.23076923076923078,0.3076923076923077,0.38461538461538464,0.7692307692307693,0.6153846153846154,0.6923076923076923,0.6923076923076923,0.6153846153846154,0.3076923076923077,0.6153846153846154,0.6153846153846154
7,CBF,30,900,3,128,0.23076923076923078,0.3076923076923077,0.23076923076923078,0.3076923076923077,0.6153846153846154,0.23076923076923078,0.07692307692307693,0.0,0.5384615384615384,0.15384615384615385,0.46153846153846156,0.46153846153846156,0.7692307692307693,0.6153846153846154,0.0,0.0,1.0,0.0,0.9230769230769231,0.9230769230769231,0.3076923076923077,0.0,0.15384615384615385,0.15384615384615385,1.0,0.0,1.0,1.0,0.38461538461538464,0.0,0.07692307692307693,0.07692307692307693
10,Coffee,28,28,2,286,0.6923076923076923,0.07692307692307693,0.8461538461538461,0.8461538461538461,0.8461538461538461,0.07692307692307693,0.8461538461538461,0.8461538461538461,0.5384615384615384,0.15384615384615385,0.8461538461538461,0.8461538461538461,0.6923076923076923,0.0,0.8461538461538461,0.8461538461538461,0.15384615384615385,0.38461538461538464,0.3076923076923077,0.3076923076923077,0.15384615384615385,0.07692307692307693,0.5384615384615384,0.7692307692307693,0.07692307692307693,0.23076923076923078,0.7692307692307693,0.6923076923076923,0.46153846153846156,0.07692307692307693,0.5384615384615384,0.6923076923076923
11,Computers,250,250,2,720,0.0,0.15384615384615385,1.0,0.9230769230769231,0.46153846153846156,0.15384615384615385,0.7692307692307693,0.7692307692307693,0.0,0.07692307692307693,1.0,0.9230769230769231,0.5384615384615384,0.15384615384615385,0.6153846153846154,0.6923076923076923,0.0,0.07692307692307693,1.0,1.0,0.8461538461538461,0.6153846153846154,0.7692307692307693,0.7692307692307693,0.15384615384615385,0.15384615384615385,0.9230769230769231,0.9230769230769231,0.6153846153846154,0.15384615384615385,0.8461538461538461,0.7692307692307693
12,CricketX,390,390,12,300,1.0,0.9230769230769231,1.0,1.0,0.0,0.0,0.07692307692307693,0.07692307692307693,1.0,1.0,1.0,1.0,0.0,0.0,0.07692307692307693,0.07692307692307693,1.0,0.38461538461538464,1.0,1.0,0.0,0.0,0.07692307692307693,0.07692307692307693,1.0,0.5384615384615384,1.0,1.0,0.0,0.23076923076923078,0.0,0.0
13,CricketY,390,390,12,300,0.9230769230769231,0.0,1.0,0.9230769230769231,0.0,0.0,0.0,0.0,0.8461538461538461,0.0,1.0,0.9230769230769231,0.0,0.0,0.0,0.0,0.9230769230769231,0.07692307692307693,0.9230769230769231,0.9230769230769231,0.0,0.0,0.0,0.0,1.0,0.15384615384615385,1.0,1.0,0.0,0.07692307692307693,0.0,0.0
14,CricketZ,390,390,12,300,1.0,0.6923076923076923,1.0,1.0,0.0,0.07692307692307693,0.07692307692307693,0.07692307692307693,1.0,0.46153846153846156,1.0,1.0,0.0,0.23076923076923078,0.0,0.07692307692307693,1.0,0.6153846153846154,1.0,1.0,0.0,0.15384615384615385,0.07692307692307693,0.07692307692307693,1.0,0.38461538461538464,1.0,1.0,0.0,0.0,0.0,0.0
15,DiatomSizeReduction,16,306,4,345,0.9230769230769231,0.3076923076923077,0.46153846153846156,0.38461538461538464,0.15384615384615385,0.15384615384615385,0.15384615384615385,0.07692307692307693,0.6153846153846154,0.7692307692307693,0.15384615384615385,0.07692307692307693,0.23076923076923078,0.15384615384615385,0.07692307692307693,0.0,0.6153846153846154,0.07692307692307693,0.0,0.0,0.0,0.0,0.0,0.0,0.46153846153846156,0.07692307692307693,0.0,0.0,0.07692307692307693,0.0,0.0,0.0
16,DistalPhalanxOutlineAgeGroup,400,139,3,80,1.0,0.6923076923076923,1.0,1.0,0.9230769230769231,0.9230769230769231,0.9230769230769231,0.9230769230769231,1.0,0.46153846153846156,1.0,1.0,0.9230769230769231,0.9230769230769231,0.9230769230769231,0.6923076923076923,1.0,0.0,1.0,1.0,1.0,0.9230769230769231,1.0,1.0,1.0,0.0,1.0,1.0,1.0,0.8461538461538461,1.0,1.0
17,DistalPhalanxOutlineCorrect,600,276,2,80,0.6923076923076923,0.6923076923076923,0.8461538461538461,0.8461538461538461,0.8461538461538461,0.0,1.0,1.0,0.6923076923076923,0.5384615384615384,1.0,1.0,1.0,0.0,1.0,1.0,0.9230769230769231,0.38461538461538464,1.0,1.0,1.0,0.15384615384615385,0.9230769230769231,0.6153846153846154,0.9230769230769231,0.15384615384615385,0.9230769230769231,0.8461538461538461,1.0,0.23076923076923078,0.5384615384615384,0.38461538461538464
18,DistalPhalanxTW,400,139,6,80,1.0,0.46153846153846156,1.0,1.0,0.5384615384615384,0.46153846153846156,0.5384615384615384,0.5384615384615384,0.9230769230769231,0.5384615384615384,0.9230769230769231,0.9230769230769231,0.7692307692307693,0.38461538461538464,0.7692307692307693,0.7692307692307693,1.0,0.07692307692307693,1.0,0.7692307692307693,0.6153846153846154,0.0,0.6153846153846154,0.6153846153846154,0.9230769230769231,0.0,0.9230769230769231,0.6153846153846154,0.5384615384615384,0.0,0.5384615384615384,0.6923076923076923
19,Earthquakes,322,139,2,512,1.0,0.0,1.0,1.0,1.0,0.0,1.0,0.7692307692307693,1.0,0.0,1.0,1.0,1.0,0.0,1.0,0.46153846153846156,1.0,0.0,1.0,1.0,1.0,0.0,0.7692307692307693,0.6153846153846154,1.0,0.0,1.0,1.0,1.0,0.0,0.8461538461538461,0.8461538461538461
20,ECG200,100,100,2,96,0.23076923076923078,0.5384615384615384,0.6923076923076923,0.6923076923076923,0.6923076923076923,0.0,0.6923076923076923,0.6153846153846154,0.46153846153846156,0.6923076923076923,0.9230769230769231,0.8461538461538461,0.6153846153846154,0.0,0.6153846153846154,0.5384615384615384,0.46153846153846156,0.3076923076923077,0.8461538461538461,0.8461538461538461,0.46153846153846156,0.15384615384615385,0.9230769230769231,0.8461538461538461,0.23076923076923078,0.5384615384615384,1.0,1.0,0.38461538461538464,0.07692307692307693,0.9230769230769231,0.9230769230769231
22,ECGFiveDays,23,861,2,136,0.38461538461538464,0.07692307692307693,1.0,1.0,0.46153846153846156,0.3076923076923077,0.6153846153846154,0.5384615384615384,0.5384615384615384,0.07692307692307693,1.0,1.0,0.38461538461538464,0.23076923076923078,0.5384615384615384,0.5384615384615384,1.0,0.0,1.0,1.0,0.38461538461538464,0.0,0.7692307692307693,0.6923076923076923,1.0,0.0,1.0,1.0,0.6153846153846154,0.0,0.6923076923076923,0.6153846153846154
25,FaceFour,24,88,4,350,0.6153846153846154,0.6153846153846154,0.6153846153846154,0.6153846153846154,0.07692307692307693,0.23076923076923078,0.38461538461538464,0.38461538461538464,0.5384615384615384,0.8461538461538461,0.5384615384615384,0.46153846153846156,0.46153846153846156,0.3076923076923077,0.46153846153846156,0.38461538461538464,0.6153846153846154,0.46153846153846156,0.07692307692307693,0.07692307692307693,0.0,0.0,0.15384615384615385,0.15384615384615385,0.5384615384615384,0.5384615384615384,0.15384615384615385,0.15384615384615385,0.0,0.0,0.07692307692307693,0.07692307692307693
27,FiftyWords,450,455,50,270,0.07692307692307693,0.0,0.0,0.0,0.3076923076923077,0.23076923076923078,0.0,0.0,0.07692307692307693,0.0,0.0,0.0,0.07692307692307693,0.0,0.0,0.0,0.0,0.0,0.0,0.0,0.3076923076923077,0.07692307692307693,0.0,0.0,0.0,0.07692307692307693,0.0,0.0,0.23076923076923078,0.07692307692307693,0.0,0.0
28,Fish,175,175,7,463,0.23076923076923078,0.0,0.15384615384615385,0.15384615384615385,0.3076923076923077,0.07692307692307693,0.07692307692307693,0.15384615384615385,0.5384615384615384,0.07692307692307693,0.38461538461538464,0.38461538461538464,0.5384615384615384,0.07692307692307693,0.23076923076923078,0.3076923076923077,0.23076923076923078,0.07692307692307693,0.23076923076923078,0.23076923076923078,0.07692307692307693,0.07692307692307693,0.3076923076923077,0.3076923076923077,0.38461538461538464,0.07692307692307693,0.23076923076923078,0.3076923076923077,0.38461538461538464,0.07692307692307693,0.3076923076923077,0.3076923076923077
31,GunPoint,50,150,2,150,0.0,0.38461538461538464,1.0,0.9230769230769231,0.07692307692307693,0.0,1.0,0.9230769230769231,0.0,0.46153846153846156,0.7692307692307693,0.7692307692307693,0.07692307692307693,0.0,1.0,1.0,0.3076923076923077,0.7692307692307693,0.6923076923076923,0.6153846153846154,0.6923076923076923,0.23076923076923078,1.0,0.8461538461538461,0.6923076923076923,0.9230769230769231,0.9230769230769231,0.9230769230769231,0.6153846153846154,0.07692307692307693,0.9230769230769231,0.6153846153846154
32,Ham,109,105,2,431,0.6923076923076923,0.07692307692307693,0.9230769230769231,0.8461538461538461,0.5384615384615384,0.0,0.6153846153846154,0.38461538461538464,0.6153846153846154,0.15384615384615385,0.8461538461538461,0.8461538461538461,0.5384615384615384,0.0,0.5384615384615384,0.38461538461538464,0.9230769230769231,0.6153846153846154,0.8461538461538461,0.7692307692307693,0.6923076923076923,0.07692307692307693,0.7692307692307693,0.6153846153846154,0.6153846153846154,0.23076923076923078,0.6923076923076923,0.7692307692307693,0.7692307692307693,0.15384615384615385,0.9230769230769231,0.8461538461538461
35,Herring,64,64,2,512,0.9230769230769231,0.0,0.7692307692307693,0.5384615384615384,1.0,0.0,0.38461538461538464,0.23076923076923078,1.0,0.0,0.9230769230769231,0.7692307692307693,0.9230769230769231,0.0,0.46153846153846156,0.46153846153846156,1.0,0.0,1.0,1.0,0.8461538461538461,0.0,0.9230769230769231,0.8461538461538461,1.0,0.0,1.0,1.0,1.0,0.0,0.8461538461538461,0.7692307692307693
39,LargeKitchenAppliances,375,375,3,720,0.0,0.23076923076923078,1.0,1.0,0.46153846153846156,0.23076923076923078,0.8461538461538461,0.8461538461538461,0.0,0.15384615384615385,1.0,1.0,0.3076923076923077,0.15384615384615385,0.8461538461538461,0.9230769230769231,0.0,0.07692307692307693,1.0,1.0,0.38461538461538464,0.15384615384615385,0.6153846153846154,0.6153846153846154,0.0,0.07692307692307693,1.0,1.0,0.46153846153846156,0.0,0.6923076923076923,0.6153846153846154
40,Lightning2,60,61,2,637,0.7692307692307693,0.6923076923076923,0.8461538461538461,0.9230769230769231,0.9230769230769231,0.15384615384615385,1.0,0.8461538461538461,0.9230769230769231,0.6923076923076923,0.9230769230769231,0.9230769230769231,0.9230769230769231,0.23076923076923078,0.9230769230769231,0.8461538461538461,0.5384615384615384,0.46153846153846156,0.9230769230769231,0.9230769230769231,0.8461538461538461,0.23076923076923078,0.8461538461538461,0.6923076923076923,0.8461538461538461,0.8461538461538461,1.0,1.0,0.8461538461538461,0.23076923076923078,0.8461538461538461,0.8461538461538461
41,Lightning7,70,73,7,319,0.5384615384615384,0.6153846153846154,0.38461538461538464,0.46153846153846156,0.5384615384615384,0.07692307692307693,0.46153846153846156,0.46153846153846156,0.5384615384615384,0.46153846153846156,0.38461538461538464,0.38461538461538464,0.38461538461538464,0.23076923076923078,0.3076923076923077,0.15384615384615385,0.3076923076923077,0.38461538461538464,0.07692307692307693,0.07692307692307693,0.23076923076923078,0.23076923076923078,0.15384615384615385,0.15384615384615385,0.15384615384615385,0.38461538461538464,0.0,0.0,0.23076923076923078,0.3076923076923077,0.15384615384615385,0.15384615384615385
43,Meat,60,60,3,448,1.0,0.8461538461538461,1.0,1.0,1.0,0.8461538461538461,1.0,1.0,1.0,1.0,1.0,1.0,1.0,1.0,1.0,1.0,0.38461538461538464,0.15384615384615385,0.46153846153846156,0.46153846153846156,0.5384615384615384,0.46153846153846156,0.5384615384615384,0.5384615384615384,0.46153846153846156,0.15384615384615385,0.46153846153846156,0.46153846153846156,0.6153846153846154,0.6153846153846154,0.6153846153846154,0.6153846153846154
44,MedicalImages,381,760,10,99,0.0,0.38461538461538464,0.9230769230769231,0.8461538461538461,0.38461538461538464,0.15384615384615385,0.6923076923076923,0.6923076923076923,0.07692307692307693,0.3076923076923077,0.7692307692307693,0.7692307692307693,0.46153846153846156,0.0,0.7692307692307693,0.6153846153846154,0.46153846153846156,0.46153846153846156,1.0,1.0,0.23076923076923078,0.07692307692307693,0.6923076923076923,0.6923076923076923,0.46153846153846156,0.46153846153846156,1.0,1.0,0.3076923076923077,0.0,0.6923076923076923,0.6153846153846154
45,MiddlePhalanxOutlineAgeGroup,400,154,3,80,0.6153846153846154,1.0,1.0,1.0,1.0,1.0,1.0,1.0,0.7692307692307693,1.0,1.0,1.0,1.0,1.0,1.0,1.0,1.0,0.0,0.8461538461538461,0.8461538461538461,0.8461538461538461,0.0,0.9230769230769231,0.7692307692307693,1.0,0.0,0.9230769230769231,0.9230769230769231,1.0,0.23076923076923078,0.7692307692307693,0.6923076923076923
46,MiddlePhalanxOutlineCorrect,600,291,2,80,1.0,0.38461538461538464,1.0,1.0,1.0,0.8461538461538461,1.0,0.8461538461538461,1.0,0.6923076923076923,1.0,1.0,1.0,0.8461538461538461,1.0,1.0,0.7692307692307693,0.0,1.0,1.0,0.7692307692307693,0.0,0.8461538461538461,1.0,0.6923076923076923,0.0,0.9230769230769231,0.9230769230769231,1.0,0.0,0.8461538461538461,0.8461538461538461
47,MiddlePhalanxTW,399,154,6,80,1.0,1.0,1.0,1.0,1.0,1.0,1.0,1.0,0.9230769230769231,1.0,1.0,1.0,1.0,1.0,1.0,1.0,0.15384615384615385,0.6923076923076923,0.9230769230769231,0.9230769230769231,1.0,0.0,1.0,0.8461538461538461,0.23076923076923078,0.8461538461538461,0.7692307692307693,0.7692307692307693,1.0,0.0,1.0,1.0
51,OliveOil,30,30,4,570,0.15384615384615385,0.7692307692307693,0.07692307692307693,0.07692307692307693,0.0,0.07692307692307693,0.0,0.0,0.23076923076923078,0.8461538461538461,0.0,0.0,0.15384615384615385,0.3076923076923077,0.07692307692307693,0.0,0.07692307692307693,0.46153846153846156,0.0,0.07692307692307693,0.07692307692307693,0.07692307692307693,0.07692307692307693,0.15384615384615385,0.15384615384615385,0.23076923076923078,0.0,0.07692307692307693,0.23076923076923078,0.23076923076923078,0.07692307692307693,0.07692307692307693
52,OSULeaf,200,242,6,427,0.8461538461538461,0.0,0.9230769230769231,0.9230769230769231,0.38461538461538464,0.07692307692307693,0.38461538461538464,0.23076923076923078,0.8461538461538461,0.0,1.0,1.0,0.6923076923076923,0.0,0.5384615384615384,0.46153846153846156,0.6153846153846154,0.07692307692307693,1.0,1.0,0.7692307692307693,0.0,0.6923076923076923,0.46153846153846156,0.5384615384615384,0.0,1.0,1.0,0.6153846153846154,0.0,0.7692307692307693,0.38461538461538464
55,Plane,105,105,7,144,0.23076923076923078,0.0,0.0,0.0,0.0,0.07692307692307693,0.0,0.0,0.38461538461538464,0.23076923076923078,0.0,0.0,0.3076923076923077,0.15384615384615385,0.0,0.07692307692307693,0.23076923076923078,0.38461538461538464,0.0,0.0,0.07692307692307693,0.15384615384615385,0.0,0.0,0.46153846153846156,0.15384615384615385,0.0,0.0,0.15384615384615385,0.15384615384615385,0.0,0.0
56,ProximalPhalanxOutlineAgeGroup,400,205,3,80,1.0,0.9230769230769231,1.0,1.0,1.0,1.0,1.0,1.0,1.0,1.0,1.0,1.0,1.0,1.0,1.0,1.0,1.0,1.0,1.0,1.0,1.0,1.0,1.0,1.0,1.0,1.0,1.0,1.0,1.0,1.0,1.0,1.0
57,ProximalPhalanxOutlineCorrect,600,291,2,80,1.0,0.7692307692307693,1.0,1.0,1.0,0.07692307692307693,1.0,1.0,1.0,0.5384615384615384,1.0,1.0,1.0,0.0,1.0,1.0,1.0,0.9230769230769231,1.0,1.0,1.0,0.46153846153846156,1.0,1.0,0.7692307692307693,0.6923076923076923,0.9230769230769231,0.7692307692307693,1.0,0.3076923076923077,1.0,1.0
58,ProximalPhalanxTW,400,205,6,80,1.0,1.0,1.0,1.0,0.8461538461538461,0.8461538461538461,0.8461538461538461,0.8461538461538461,1.0,1.0,1.0,1.0,0.8461538461538461,0.8461538461538461,0.8461538461538461,0.8461538461538461,1.0,1.0,1.0,1.0,1.0,1.0,1.0,1.0,1.0,1.0,1.0,1.0,1.0,1.0,1.0,1.0
59,RefrigerationDevices,375,375,3,720,0.07692307692307693,0.07692307692307693,1.0,1.0,0.46153846153846156,0.07692307692307693,0.9230769230769231,0.9230769230769231,0.0,0.15384615384615385,1.0,0.9230769230769231,0.3076923076923077,0.07692307692307693,0.6923076923076923,0.7692307692307693,0.0,0.15384615384615385,1.0,1.0,0.38461538461538464,0.23076923076923078,0.6923076923076923,0.6923076923076923,0.0,0.0,1.0,0.9230769230769231,0.3076923076923077,0.3076923076923077,0.7692307692307693,0.9230769230769231
60,ScreenType,375,375,3,720,0.6923076923076923,0.07692307692307693,1.0,1.0,0.6153846153846154,0.15384615384615385,1.0,0.7692307692307693,0.38461538461538464,0.07692307692307693,1.0,1.0,0.7692307692307693,0.3076923076923077,0.7692307692307693,0.5384615384615384,0.23076923076923078,0.07692307692307693,1.0,1.0,0.9230769230769231,0.0,0.9230769230769231,1.0,0.6153846153846154,0.07692307692307693,1.0,0.9230769230769231,0.9230769230769231,0.0,1.0,1.0
61,ShapeletSim,20,180,2,500,0.6923076923076923,0.15384615384615385,1.0,0.8461538461538461,0.6153846153846154,0.23076923076923078,0.6923076923076923,0.6923076923076923,0.46153846153846156,0.0,1.0,1.0,0.5384615384615384,0.23076923076923078,0.7692307692307693,0.7692307692307693,0.9230769230769231,0.0,1.0,1.0,0.9230769230769231,0.0,1.0,0.9230769230769231,0.9230769230769231,0.0,1.0,1.0,0.9230769230769231,0.0,0.9230769230769231,0.9230769230769231
62,ShapesAll,600,600,60,512,0.0,0.0,0.0,0.0,0.0,0.0,0.0,0.0,0.0,0.0,0.0,0.0,0.0,0.0,0.0,0.0,0.0,0.0,0.0,0.0,0.0,0.23076923076923078,0.0,0.0,0.0,0.07692307692307693,0.0,0.0,0.0,0.07692307692307693,0.0,0.0
63,SmallKitchenAppliances,375,375,3,720,0.0,0.3076923076923077,0.9230769230769231,0.38461538461538464,0.6153846153846154,0.23076923076923078,0.9230769230769231,1.0,0.0,0.23076923076923078,1.0,0.7692307692307693,0.6153846153846154,0.0,1.0,1.0,0.0,0.6153846153846154,0.8461538461538461,0.46153846153846156,0.8461538461538461,0.5384615384615384,0.9230769230769231,0.9230769230769231,0.0,0.46153846153846156,0.9230769230769231,0.6923076923076923,0.8461538461538461,0.3076923076923077,0.9230769230769231,0.9230769230769231
64,SonyAIBORobotSurface1,20,601,2,70,0.8461538461538461,0.7692307692307693,0.5384615384615384,0.6153846153846154,0.6923076923076923,0.46153846153846156,0.5384615384615384,0.5384615384615384,0.6923076923076923,0.6153846153846154,0.5384615384615384,0.5384615384615384,0.9230769230769231,0.7692307692307693,0.46153846153846156,0.5384615384615384,0.3076923076923077,0.3076923076923077,0.46153846153846156,0.6153846153846154,0.6923076923076923,0.23076923076923078,0.9230769230769231,0.6923076923076923,0.46153846153846156,0.38461538461538464,0.8461538461538461,0.9230769230769231,0.38461538461538464,0.23076923076923078,0.6923076923076923,0.6923076923076923
65,SonyAIBORobotSurface2,27,953,2,65,0.5384615384615384,0.5384615384615384,0.6153846153846154,0.5384615384615384,0.38461538461538464,0.6923076923076923,0.5384615384615384,0.6153846153846154,0.6923076923076923,0.6923076923076923,0.6153846153846154,0.6923076923076923,0.07692307692307693,0.23076923076923078,0.46153846153846156,0.46153846153846156,0.9230769230769231,0.9230769230769231,1.0,0.9230769230769231,0.6923076923076923,0.0,0.8461538461538461,0.7692307692307693,0.9230769230769231,0.8461538461538461,0.9230769230769231,0.8461538461538461,0.46153846153846156,0.0,0.9230769230769231,0.9230769230769231
67,Strawberry,613,370,2,235,0.7692307692307693,0.07692307692307693,0.9230769230769231,0.9230769230769231,1.0,0.07692307692307693,0.8461538461538461,0.5384615384615384,0.7692307692307693,0.07692307692307693,0.6923076923076923,0.5384615384615384,1.0,0.23076923076923078,0.6923076923076923,0.46153846153846156,0.5384615384615384,0.0,0.6153846153846154,0.8461538461538461,1.0,0.0,0.8461538461538461,0.8461538461538461,0.6923076923076923,0.07692307692307693,0.9230769230769231,0.9230769230769231,1.0,0.0,0.9230769230769231,0.9230769230769231
68,SwedishLeaf,500,625,15,128,0.0,0.15384615384615385,0.0,0.0,0.0,0.07692307692307693,0.0,0.0,0.0,0.07692307692307693,0.0,0.0,0.0,0.0,0.0,0.0,0.0,0.0,0.0,0.0,0.0,0.0,0.0,0.0,0.0,0.0,0.0,0.0,0.0,0.0,0.0,0.0
69,Symbols,25,995,6,398,0.6923076923076923,0.15384615384615385,0.0,0.0,0.23076923076923078,0.07692307692307693,0.0,0.0,0.3076923076923077,0.23076923076923078,0.0,0.0,0.15384615384615385,0.07692307692307693,0.0,0.0,0.3076923076923077,0.23076923076923078,0.0,0.0,0.38461538461538464,0.07692307692307693,0.0,0.0,0.46153846153846156,0.3076923076923077,0.0,0.0,0.23076923076923078,0.0,0.0,0.0
70,SyntheticControl,300,300,6,60,0.0,0.23076923076923078,0.0,0.0,0.0,0.0,0.0,0.0,0.0,0.46153846153846156,0.0,0.0,0.0,0.0,0.0,0.0,0.23076923076923078,0.15384615384615385,0.23076923076923078,0.23076923076923078,0.0,0.0,0.0,0.0,0.0,0.46153846153846156,0.0,0.0,0.07692307692307693,0.07692307692307693,0.0,0.0
71,ToeSegmentation1,40,228,2,277,0.6923076923076923,0.23076923076923078,1.0,1.0,0.3076923076923077,0.23076923076923078,0.6923076923076923,0.38461538461538464,0.6153846153846154,0.5384615384615384,1.0,1.0,0.07692307692307693,0.07692307692307693,0.6923076923076923,0.38461538461538464,0.9230769230769231,0.07692307692307693,1.0,1.0,0.3076923076923077,0.0,0.7692307692307693,0.8461538461538461,0.6923076923076923,0.0,1.0,1.0,0.46153846153846156,0.0,0.8461538461538461,0.6923076923076923
72,ToeSegmentation2,36,130,2,343,0.38461538461538464,0.0,1.0,1.0,0.6153846153846154,0.38461538461538464,0.6153846153846154,0.5384615384615384,0.6153846153846154,0.07692307692307693,1.0,0.9230769230769231,0.8461538461538461,0.38461538461538464,0.5384615384615384,0.6153846153846154,0.6923076923076923,0.5384615384615384,1.0,1.0,0.3076923076923077,0.0,0.9230769230769231,0.8461538461538461,0.9230769230769231,0.5384615384615384,1.0,1.0,0.23076923076923078,0.0,0.8461538461538461,0.8461538461538461
73,Trace,100,100,4,275,1.0,1.0,1.0,1.0,0.7692307692307693,0.15384615384615385,0.15384615384615385,0.07692307692307693,1.0,1.0,1.0,0.9230769230769231,0.8461538461538461,0.15384615384615385,0.15384615384615385,0.15384615384615385,1.0,1.0,1.0,0.9230769230769231,0.7692307692307693,0.0,0.0,0.0,1.0,1.0,1.0,0.9230769230769231,0.6153846153846154,0.0,0.0,0.07692307692307693
81,Wine,57,54,2,234,0.6153846153846154,0.38461538461538464,0.6923076923076923,0.8461538461538461,0.6923076923076923,0.6153846153846154,0.46153846153846156,0.5384615384615384,0.38461538461538464,0.38461538461538464,0.7692307692307693,0.8461538461538461,0.46153846153846156,0.38461538461538464,0.5384615384615384,0.9230769230769231,0.7692307692307693,0.15384615384615385,0.9230769230769231,1.0,1.0,0.46153846153846156,1.0,0.6923076923076923,0.7692307692307693,0.0,1.0,1.0,0.9230769230769231,0.38461538461538464,1.0,0.8461538461538461
82,WordSynonyms,267,638,25,270,0.15384615384615385,0.23076923076923078,0.3076923076923077,0.3076923076923077,0.23076923076923078,0.07692307692307693,0.0,0.0,0.3076923076923077,0.23076923076923078,0.15384615384615385,0.15384615384615385,0.15384615384615385,0.07692307692307693,0.0,0.0,0.0,0.23076923076923078,0.8461538461538461,0.8461538461538461,0.15384615384615385,0.15384615384615385,0.0,0.0,0.0,0.23076923076923078,0.8461538461538461,0.8461538461538461,0.23076923076923078,0.15384615384615385,0.0,0.0
83,Worms,181,77,5,900,0.9230769230769231,0.9230769230769231,1.0,1.0,0.23076923076923078,0.0,1.0,0.7692307692307693,0.9230769230769231,0.8461538461538461,1.0,1.0,0.6153846153846154,0.0,0.9230769230769231,0.7692307692307693,0.8461538461538461,0.15384615384615385,1.0,1.0,0.5384615384615384,0.07692307692307693,0.6923076923076923,0.6923076923076923,0.6923076923076923,0.3076923076923077,1.0,1.0,0.38461538461538464,0.0,0.46153846153846156,0.6153846153846154
84,WormsTwoClass,181,77,2,900,0.6153846153846154,0.6153846153846154,1.0,1.0,0.6923076923076923,0.0,0.9230769230769231,0.6153846153846154,0.8461538461538461,0.8461538461538461,1.0,1.0,0.3076923076923077,0.0,0.9230769230769231,0.8461538461538461,1.0,0.15384615384615385,1.0,1.0,0.5384615384615384,0.0,0.7692307692307693,0.6153846153846154,0.9230769230769231,0.3076923076923077,1.0,1.0,0.6153846153846154,0.0,0.9230769230769231,0.9230769230769231
90,BME,30,150,3,128,0.46153846153846156,0.46153846153846156,0.46153846153846156,0.46153846153846156,0.0,0.07692307692307693,0.0,0.0,0.3076923076923077,0.3076923076923077,0.3076923076923077,0.3076923076923077,0.0,0.0,0.0,0.0,0.8461538461538461,0.8461538461538461,0.9230769230769231,0.5384615384615384,0.0,0.0,0.0,0.0,0.7692307692307693,0.7692307692307693,0.7692307692307693,0.5384615384615384,0.0,0.0,0.0,0.0
91,Chinatown,20,343,2,24,0.15384615384615385,0.0,0.15384615384615385,0.15384615384615385,0.46153846153846156,0.3076923076923077,0.6153846153846154,0.6153846153846154,0.0,0.38461538461538464,0.15384615384615385,0.07692307692307693,0.3076923076923077,0.46153846153846156,0.07692307692307693,0.15384615384615385,0.5384615384615384,0.15384615384615385,0.5384615384615384,0.5384615384615384,0.6153846153846154,0.07692307692307693,0.6153846153846154,0.46153846153846156,0.5384615384615384,0.0,0.46153846153846156,0.3076923076923077,0.6923076923076923,0.23076923076923078,0.46153846153846156,0.3076923076923077
101,Fungi,18,186,18,201,0.38461538461538464,0.5384615384615384,0.0,0.0,0.0,0.3076923076923077,0.0,0.0,0.6923076923076923,0.6153846153846154,0.07692307692307693,0.0,0.0,0.0,0.0,0.0,0.46153846153846156,0.15384615384615385,0.0,0.0,0.0,0.15384615384615385,0.0,0.0,0.38461538461538464,0.15384615384615385,0.0,0.0,0.0,0.0,0.0,0.0
107,GunPointAgeSpan,135,316,2,150,0.7692307692307693,0.38461538461538464,0.7692307692307693,0.6923076923076923,0.0,0.0,0.8461538461538461,0.6153846153846154,0.3076923076923077,0.38461538461538464,0.3076923076923077,0.5384615384615384,1.0,0.0,1.0,0.6923076923076923,0.6153846153846154,0.6153846153846154,0.6923076923076923,0.38461538461538464,0.0,0.0,0.9230769230769231,0.6153846153846154,0.5384615384615384,0.15384615384615385,0.7692307692307693,0.8461538461538461,1.0,0.0,1.0,0.7692307692307693
108,GunPointMaleVersusFemale,135,316,2,150,1.0,0.8461538461538461,0.8461538461538461,0.5384615384615384,0.0,0.0,1.0,1.0,0.9230769230769231,0.07692307692307693,0.6923076923076923,0.7692307692307693,0.6153846153846154,0.0,0.6153846153846154,0.6153846153846154,1.0,0.07692307692307693,1.0,0.9230769230769231,0.0,0.0,1.0,1.0,0.46153846153846156,0.6153846153846154,0.6923076923076923,0.7692307692307693,0.9230769230769231,0.0,0.9230769230769231,0.8461538461538461
109,GunPointOldVersusYoung,136,315,2,150,0.15384615384615385,0.38461538461538464,0.46153846153846156,0.46153846153846156,1.0,1.0,0.0,0.0,0.3076923076923077,0.3076923076923077,1.0,1.0,1.0,0.0,1.0,0.5384615384615384,0.0,0.0,0.0,0.0,1.0,0.9230769230769231,0.0,0.0,0.23076923076923078,0.0,0.6153846153846154,0.9230769230769231,1.0,0.0,1.0,0.6153846153846154
111,InsectEPGRegularTrain,62,249,3,601,0.6923076923076923,0.0,0.0,0.0,1.0,0.0,0.0,0.0,0.6153846153846154,0.07692307692307693,0.8461538461538461,0.9230769230769231,0.6923076923076923,0.0,0.5384615384615384,0.5384615384615384,0.8461538461538461,0.0,0.0,0.0,0.8461538461538461,0.0,0.0,0.0,0.8461538461538461,0.15384615384615385,0.9230769230769231,0.9230769230769231,0.9230769230769231,0.0,0.7692307692307693,0.5384615384615384
112,InsectEPGSmallTrain,17,249,3,601,0.8461538461538461,0.0,0.0,0.0,1.0,0.0,0.0,0.0,0.38461538461538464,0.38461538461538464,0.8461538461538461,0.8461538461538461,0.8461538461538461,0.3076923076923077,0.6153846153846154,0.6153846153846154,0.6923076923076923,0.0,0.0,0.0,0.8461538461538461,0.0,0.0,0.0,0.8461538461538461,0.23076923076923078,0.9230769230769231,0.9230769230769231,0.9230769230769231,0.0,1.0,0.8461538461538461
121,PowerCons,180,180,2,144,1.0,0.0,1.0,1.0,0.7692307692307693,0.07692307692307693,0.38461538461538464,0.3076923076923077,0.5384615384615384,0.07692307692307693,0.9230769230769231,0.9230769230769231,0.6923076923076923,0.07692307692307693,0.7692307692307693,0.6923076923076923,1.0,0.07692307692307693,1.0,1.0,0.6923076923076923,0.0,0.38461538461538464,0.38461538461538464,0.38461538461538464,0.07692307692307693,0.7692307692307693,0.7692307692307693,0.38461538461538464,0.0,0.7692307692307693,0.7692307692307693
127,SmoothSubspace,150,150,3,15,0.6923076923076923,0.46153846153846156,0.46153846153846156,0.46153846153846156,0.8461538461538461,0.0,0.6923076923076923,0.6153846153846154,0.6923076923076923,0.38461538461538464,0.8461538461538461,0.9230769230769231,0.7692307692307693,0.07692307692307693,0.8461538461538461,0.9230769230769231,1.0,0.3076923076923077,0.8461538461538461,0.8461538461538461,0.8461538461538461,0.0,0.9230769230769231,1.0,0.6923076923076923,0.0,0.6923076923076923,0.6923076923076923,0.6153846153846154,0.15384615384615385,0.6153846153846154,0.46153846153846156
128,UMD,36,144,3,150,1.0,0.9230769230769231,0.9230769230769231,1.0,0.7692307692307693,0.23076923076923078,0.8461538461538461,0.23076923076923078,0.7692307692307693,0.7692307692307693,0.7692307692307693,0.7692307692307693,0.0,0.0,0.0,0.0,1.0,1.0,1.0,1.0,0.15384615384615385,0.23076923076923078,0.3076923076923077,0.07692307692307693,0.6923076923076923,0.6923076923076923,1.0,0.6923076923076923,0.0,0.0,0.0,0.0
